clerical_control	escalation_controller	AV_ADMIN_CONTROL_ASSIGNMENT_CONTEXT	vw_aiemp_admin_control_assignment_context	required	true
clerical_control	escalation_controller	AV_ADMIN_CONTROL_AUDIT_CONTEXT	vw_aiemp_admin_control_audit_context	required	false
clerical_control	escalation_controller	AV_ADMIN_CONTROL_POLICY_CONTEXT	vw_aiemp_admin_control_policy_context	required	false
clerical_control	escalation_controller	AV_ADMIN_CONTROL_REPORTING_CONTEXT	vw_aiemp_admin_control_reporting_context	required	false
clerical_control	queue_controller	AV_ADMIN_CONTROL_ASSIGNMENT_CONTEXT	vw_aiemp_admin_control_assignment_context	required	true
clerical_control	queue_controller	AV_ADMIN_CONTROL_AUDIT_CONTEXT	vw_aiemp_admin_control_audit_context	required	false
clerical_control	queue_controller	AV_ADMIN_CONTROL_POLICY_CONTEXT	vw_aiemp_admin_control_policy_context	required	false
clerical_control	queue_controller	AV_ADMIN_CONTROL_WORKFORCE_CONTEXT	vw_aiemp_admin_control_workforce_context	required	false
clerical_control	reporting_controller	AV_ADMIN_CONTROL_AUDIT_CONTEXT	vw_aiemp_admin_control_audit_context	required	false
clerical_control	reporting_controller	AV_ADMIN_CONTROL_POLICY_CONTEXT	vw_aiemp_admin_control_policy_context	required	false
clerical_control	reporting_controller	AV_ADMIN_CONTROL_REPORTING_CONTEXT	vw_aiemp_admin_control_reporting_context	required	false
clerical_control	reporting_controller	AV_ADMIN_CONTROL_WORKFORCE_CONTEXT	vw_aiemp_admin_control_workforce_context	required	false
clerical_control	task_allocator	AV_ADMIN_CONTROL_ASSIGNMENT_CONTEXT	vw_aiemp_admin_control_assignment_context	required	true
clerical_control	task_allocator	AV_ADMIN_CONTROL_POLICY_CONTEXT	vw_aiemp_admin_control_policy_context	required	false
clerical_control	task_allocator	AV_ADMIN_CONTROL_WORKFORCE_CONTEXT	vw_aiemp_admin_control_workforce_context	required	false
clerical_control	workload_controller	AV_ADMIN_CONTROL_ASSIGNMENT_CONTEXT	vw_aiemp_admin_control_assignment_context	required	true
clerical_control	workload_controller	AV_ADMIN_CONTROL_AUDIT_CONTEXT	vw_aiemp_admin_control_audit_context	required	false
clerical_control	workload_controller	AV_ADMIN_CONTROL_POLICY_CONTEXT	vw_aiemp_admin_control_policy_context	required	false
clerical_control	workload_controller	AV_ADMIN_CONTROL_REPORTING_CONTEXT	vw_aiemp_admin_control_reporting_context	required	false
clerical_control	workload_controller	AV_ADMIN_CONTROL_WORKFORCE_CONTEXT	vw_aiemp_admin_control_workforce_context	required	false
clerical_execution	case_clerk	AV_ADMIN_AUDIT_CONTEXT	vw_aiemp_admin_audit_context	required	false
clerical_execution	case_clerk	AV_ADMIN_CASE_CONTEXT	vw_aiemp_admin_case_context	required	false
clerical_execution	case_clerk	AV_ADMIN_DOCUMENT_FORM_CONTEXT	vw_aiemp_admin_document_form_context	required	false
clerical_execution	case_clerk	AV_ADMIN_PROCESS_CONTEXT	vw_aiemp_admin_process_context	required	false
clerical_execution	case_clerk	AV_ADMIN_REFERENCE_CONTEXT	vw_aiemp_admin_reference_context	required	false
clerical_execution	document_clerk	AV_ADMIN_CASE_CONTEXT	vw_aiemp_admin_case_context	required	false
clerical_execution	document_clerk	AV_ADMIN_DOCUMENT_FORM_CONTEXT	vw_aiemp_admin_document_form_context	required	false
clerical_execution	document_clerk	AV_ADMIN_PROCESS_CONTEXT	vw_aiemp_admin_process_context	required	false
clerical_execution	filing_clerk	AV_ADMIN_CASE_CONTEXT	vw_aiemp_admin_case_context	required	false
clerical_execution	filing_clerk	AV_ADMIN_DOCUMENT_FORM_CONTEXT	vw_aiemp_admin_document_form_context	required	false
clerical_execution	filing_clerk	AV_ADMIN_PROCESS_CONTEXT	vw_aiemp_admin_process_context	required	false
clerical_execution	form_clerk	AV_ADMIN_CASE_CONTEXT	vw_aiemp_admin_case_context	required	false
clerical_execution	form_clerk	AV_ADMIN_DOCUMENT_FORM_CONTEXT	vw_aiemp_admin_document_form_context	required	false
clerical_execution	form_clerk	AV_ADMIN_PROCESS_CONTEXT	vw_aiemp_admin_process_context	required	false
clerical_execution	inquiry_clerk	AV_ADMIN_CASE_CONTEXT	vw_aiemp_admin_case_context	required	false
clerical_execution	inquiry_clerk	AV_ADMIN_PROCESS_CONTEXT	vw_aiemp_admin_process_context	required	false
clerical_execution	inquiry_clerk	AV_ADMIN_REFERENCE_CONTEXT	vw_aiemp_admin_reference_context	required	false
clerical_execution	schedule_clerk	AV_ADMIN_CASE_CONTEXT	vw_aiemp_admin_case_context	required	false
clerical_execution	schedule_clerk	AV_ADMIN_PROCESS_CONTEXT	vw_aiemp_admin_process_context	required	false
combat_unit	assault_unit	AV_COMBAT_AUDIT_CONTEXT	vw_aiemp_combat_audit_context	required	true
combat_unit	assault_unit	AV_COMBAT_BATTLEFIELD_CONTEXT	vw_aiemp_combat_battlefield_context	required	true
combat_unit	assault_unit	AV_COMBAT_DAMAGE_REPAIR_CONTEXT	vw_aiemp_combat_damage_repair_context	required	true
combat_unit	assault_unit	AV_COMBAT_MISSION_CONTEXT	vw_aiemp_combat_mission_context	required	true
combat_unit	assault_unit	AV_COMBAT_ROE_SAFETY_CONTEXT	vw_aiemp_combat_roe_safety_context	required	true
combat_unit	assault_unit	AV_COMBAT_ROLE_LOADOUT_CONTEXT	vw_aiemp_combat_role_loadout_context	required	true
combat_unit	defense_unit	AV_COMBAT_AUDIT_CONTEXT	vw_aiemp_combat_audit_context	required	true
combat_unit	defense_unit	AV_COMBAT_BATTLEFIELD_CONTEXT	vw_aiemp_combat_battlefield_context	required	true
combat_unit	defense_unit	AV_COMBAT_DAMAGE_REPAIR_CONTEXT	vw_aiemp_combat_damage_repair_context	required	true
combat_unit	defense_unit	AV_COMBAT_MISSION_CONTEXT	vw_aiemp_combat_mission_context	required	true
combat_unit	defense_unit	AV_COMBAT_ROE_SAFETY_CONTEXT	vw_aiemp_combat_roe_safety_context	required	true
combat_unit	defense_unit	AV_COMBAT_ROLE_LOADOUT_CONTEXT	vw_aiemp_combat_role_loadout_context	required	true
combat_unit	escort_unit	AV_COMBAT_AUDIT_CONTEXT	vw_aiemp_combat_audit_context	required	true
combat_unit	escort_unit	AV_COMBAT_BATTLEFIELD_CONTEXT	vw_aiemp_combat_battlefield_context	required	true
combat_unit	escort_unit	AV_COMBAT_DAMAGE_REPAIR_CONTEXT	vw_aiemp_combat_damage_repair_context	required	true
combat_unit	escort_unit	AV_COMBAT_MISSION_CONTEXT	vw_aiemp_combat_mission_context	required	true
combat_unit	escort_unit	AV_COMBAT_ROE_SAFETY_CONTEXT	vw_aiemp_combat_roe_safety_context	required	true
combat_unit	escort_unit	AV_COMBAT_ROLE_LOADOUT_CONTEXT	vw_aiemp_combat_role_loadout_context	required	true
combat_unit	heavy_unit	AV_COMBAT_AUDIT_CONTEXT	vw_aiemp_combat_audit_context	required	true
combat_unit	heavy_unit	AV_COMBAT_BATTLEFIELD_CONTEXT	vw_aiemp_combat_battlefield_context	required	true
combat_unit	heavy_unit	AV_COMBAT_DAMAGE_REPAIR_CONTEXT	vw_aiemp_combat_damage_repair_context	required	true
combat_unit	heavy_unit	AV_COMBAT_MISSION_CONTEXT	vw_aiemp_combat_mission_context	required	true
combat_unit	heavy_unit	AV_COMBAT_ROE_SAFETY_CONTEXT	vw_aiemp_combat_roe_safety_context	required	true
combat_unit	heavy_unit	AV_COMBAT_ROLE_LOADOUT_CONTEXT	vw_aiemp_combat_role_loadout_context	required	true
combat_unit	recon_unit	AV_COMBAT_AUDIT_CONTEXT	vw_aiemp_combat_audit_context	required	true
combat_unit	recon_unit	AV_COMBAT_BATTLEFIELD_CONTEXT	vw_aiemp_combat_battlefield_context	required	true
combat_unit	recon_unit	AV_COMBAT_DAMAGE_REPAIR_CONTEXT	vw_aiemp_combat_damage_repair_context	required	true
combat_unit	recon_unit	AV_COMBAT_MISSION_CONTEXT	vw_aiemp_combat_mission_context	required	true
combat_unit	recon_unit	AV_COMBAT_ROE_SAFETY_CONTEXT	vw_aiemp_combat_roe_safety_context	required	true
combat_unit	recon_unit	AV_COMBAT_ROLE_LOADOUT_CONTEXT	vw_aiemp_combat_role_loadout_context	required	true
combat_unit	support_unit	AV_COMBAT_AUDIT_CONTEXT	vw_aiemp_combat_audit_context	required	true
combat_unit	support_unit	AV_COMBAT_BATTLEFIELD_CONTEXT	vw_aiemp_combat_battlefield_context	required	true
combat_unit	support_unit	AV_COMBAT_DAMAGE_REPAIR_CONTEXT	vw_aiemp_combat_damage_repair_context	required	true
combat_unit	support_unit	AV_COMBAT_MISSION_CONTEXT	vw_aiemp_combat_mission_context	required	true
combat_unit	support_unit	AV_COMBAT_ROE_SAFETY_CONTEXT	vw_aiemp_combat_roe_safety_context	required	true
combat_unit	support_unit	AV_COMBAT_ROLE_LOADOUT_CONTEXT	vw_aiemp_combat_role_loadout_context	required	true
education	curriculum_guide	AV_EDU_LEVEL_ADAPTIVE_CONTEXT	vw_aiemp_edu_level_adaptive_context	required	false
education	curriculum_guide	AV_EDU_PUBLIC_GUIDE	vw_aiemp_edu_public_guide	required	false
education	curriculum_guide	AV_EDU_SUBJECT_CATALOG	vw_aiemp_edu_subject_catalog	required	false
education	curriculum_guide	AV_EDU_TEACHING_GUIDE	vw_aiemp_edu_teaching_guide	required	false
education	exercise_coach	AV_EDU_LEVEL_ADAPTIVE_CONTEXT	vw_aiemp_edu_level_adaptive_context	required	false
education	exercise_coach	AV_EDU_MASKED_LEARNER_CONTEXT	vw_aiemp_edu_masked_learner_context	conditional	false
education	exercise_coach	AV_EDU_TEACHING_GUIDE	vw_aiemp_edu_teaching_guide	required	false
education	lab_instructor_support	AV_EDU_LAB_RESEARCH_CONTEXT	vw_aiemp_edu_lab_research_context	required	false
education	lab_instructor_support	AV_EDU_LEVEL_ADAPTIVE_CONTEXT	vw_aiemp_edu_level_adaptive_context	required	false
education	lab_instructor_support	AV_EDU_TEACHING_GUIDE	vw_aiemp_edu_teaching_guide	required	false
education	learning_progress_support	AV_EDU_MASKED_LEARNER_CONTEXT	vw_aiemp_edu_masked_learner_context	required	false
education	learning_progress_support	AV_EDU_PROGRESS_CONTEXT	vw_aiemp_edu_progress_context	required	false
education	seminar_facilitator	AV_EDU_LAB_RESEARCH_CONTEXT	vw_aiemp_edu_lab_research_context	required	false
education	seminar_facilitator	AV_EDU_PROGRESS_CONTEXT	vw_aiemp_edu_progress_context	required	false
education	seminar_facilitator	AV_EDU_TEACHING_GUIDE	vw_aiemp_edu_teaching_guide	required	false
education	subject_lecturer	AV_EDU_LEVEL_ADAPTIVE_CONTEXT	vw_aiemp_edu_level_adaptive_context	required	false
education	subject_lecturer	AV_EDU_PUBLIC_GUIDE	vw_aiemp_edu_public_guide	required	false
education	subject_lecturer	AV_EDU_SUBJECT_CATALOG	vw_aiemp_edu_subject_catalog	required	false
education	subject_lecturer	AV_EDU_TEACHING_GUIDE	vw_aiemp_edu_teaching_guide	required	false
education	test_preparation_support	AV_EDU_LEVEL_ADAPTIVE_CONTEXT	vw_aiemp_edu_level_adaptive_context	required	false
education	test_preparation_support	AV_EDU_TEACHING_GUIDE	vw_aiemp_edu_teaching_guide	required	false
education	thesis_advisor_support	AV_EDU_LAB_RESEARCH_CONTEXT	vw_aiemp_edu_lab_research_context	required	false
education	thesis_advisor_support	AV_EDU_MASKED_LEARNER_CONTEXT	vw_aiemp_edu_masked_learner_context	conditional	false
education	thesis_advisor_support	AV_EDU_PRIVILEGED_CONTEXT	vw_aiemp_edu_privileged_context	conditional	true
game	battle_director	AV_GAME_BALANCE_SAFE_CONTEXT	vw_aiemp_game_balance_safe_context	conditional	true
game	battle_director	AV_GAME_COMMENTATOR_CONTEXT	vw_aiemp_game_commentator_context	required	false
game	battle_director	AV_GAME_MATCH_CONTEXT	vw_aiemp_game_match_context	required	false
game	battle_director	AV_GAME_PARTY_MEMBER_CONTEXT	vw_aiemp_game_party_member_context	required	false
game	commentator	AV_GAME_COMMENTATOR_CONTEXT	vw_aiemp_game_commentator_context	required	false
game	commentator	AV_GAME_MATCH_CONTEXT	vw_aiemp_game_match_context	required	false
game	commentator	AV_GAME_PARTY_MEMBER_CONTEXT	vw_aiemp_game_party_member_context	required	false
game	npc	AV_GAME_COMMENTATOR_CONTEXT	vw_aiemp_game_commentator_context	required	false
game	npc	AV_GAME_MATCH_CONTEXT	vw_aiemp_game_match_context	conditional	false
game	npc	AV_GAME_OPPONENT_CONTEXT	vw_aiemp_game_opponent_context	conditional	false
game	opponent	AV_GAME_BALANCE_SAFE_CONTEXT	vw_aiemp_game_balance_safe_context	conditional	true
game	opponent	AV_GAME_COMMENTATOR_CONTEXT	vw_aiemp_game_commentator_context	required	false
game	opponent	AV_GAME_MATCH_CONTEXT	vw_aiemp_game_match_context	required	false
game	opponent	AV_GAME_PARTY_MEMBER_CONTEXT	vw_aiemp_game_party_member_context	required	false
game	party_member	AV_GAME_COMMENTATOR_CONTEXT	vw_aiemp_game_commentator_context	required	false
game	party_member	AV_GAME_MATCH_CONTEXT	vw_aiemp_game_match_context	required	false
game	party_member	AV_GAME_PARTY_MEMBER_CONTEXT	vw_aiemp_game_party_member_context	required	false
game	trainer	AV_GAME_BALANCE_SAFE_CONTEXT	vw_aiemp_game_balance_safe_context	conditional	true
game	trainer	AV_GAME_MATCH_CONTEXT	vw_aiemp_game_match_context	required	false
game	trainer	AV_GAME_PARTY_MEMBER_CONTEXT	vw_aiemp_game_party_member_context	required	false
operations	audit_support	AV_OPS_AUDIT_DIGEST	vw_aiemp_audit_digest	required	false
operations	audit_support	AV_OPS_PRIVILEGED_INCIDENT_CONTEXT	vw_aiemp_privileged_incident_context	conditional	true
operations	audit_support	AV_OPS_REVIEW_PACKAGE_CONTEXT	vw_aiemp_review_package_context	conditional	false
operations	consult_support	AV_SHARED_APP_HELP	vw_aiemp_app_help	required	false
operations	consult_support	AV_OPS_MASKED_RECORD_CONTEXT	vw_aiemp_masked_record_context	required	false
operations	consult_support	AV_SHARED_PUBLIC_GUIDE	vw_aiemp_public_guide	required	false
operations	consult_support	AV_OPS_REVIEW_PACKAGE_CONTEXT	vw_aiemp_review_package_context	conditional	false
operations	draft_assist	AV_SHARED_APP_HELP	vw_aiemp_app_help	required	false
operations	draft_assist	AV_OPS_MASKED_RECORD_CONTEXT	vw_aiemp_masked_record_context	required	false
operations	draft_assist	AV_SHARED_PUBLIC_GUIDE	vw_aiemp_public_guide	required	false
operations	draft_assist	AV_OPS_REVIEW_PACKAGE_CONTEXT	vw_aiemp_review_package_context	conditional	false
operations	operation_orchestration	AV_SHARED_APP_HELP	vw_aiemp_app_help	required	false
operations	operation_orchestration	AV_OPS_APPROVAL_ROUTING_CONTEXT	vw_aiemp_approval_routing_context	required	false
operations	operation_orchestration	AV_OPS_AUDIT_DIGEST	vw_aiemp_audit_digest	conditional	false
operations	operation_orchestration	AV_OPS_FAILURE_SUMMARY	vw_aiemp_failure_summary	conditional	false
operations	operation_orchestration	AV_OPS_MASKED_RECORD_CONTEXT	vw_aiemp_masked_record_context	required	false
operations	operation_orchestration	AV_SHARED_PUBLIC_GUIDE	vw_aiemp_public_guide	required	false
operations	operation_orchestration	AV_OPS_QUEUE_CONTEXT	vw_aiemp_queue_context	required	false
operations	operation_orchestration	AV_OPS_RETRY_CONTEXT	vw_aiemp_retry_context	required	false
operations	operation_orchestration	AV_OPS_REVIEW_PACKAGE_CONTEXT	vw_aiemp_review_package_context	required	false
operations	operator_help	AV_SHARED_APP_HELP	vw_aiemp_app_help	required	false
operations	operator_help	AV_OPS_MASKED_ERROR_CONTEXT	vw_aiemp_masked_error_context	conditional	false
operations	operator_help	AV_OPS_MASKED_RECORD_CONTEXT	vw_aiemp_masked_record_context	conditional	false
operations	operator_help	AV_SHARED_PUBLIC_GUIDE	vw_aiemp_public_guide	required	false
operations	privileged_assist	AV_OPS_APPROVAL_ROUTING_CONTEXT	vw_aiemp_approval_routing_context	required	false
operations	privileged_assist	AV_OPS_AUDIT_DIGEST	vw_aiemp_audit_digest	required	false
operations	privileged_assist	AV_OPS_PRIVILEGED_INCIDENT_CONTEXT	vw_aiemp_privileged_incident_context	required	true
operations	privileged_assist	AV_OPS_QUEUE_CONTEXT	vw_aiemp_queue_context	required	false
operations	privileged_assist	AV_OPS_RETRY_CONTEXT	vw_aiemp_retry_context	required	false
operations	privileged_assist	AV_OPS_REVIEW_PACKAGE_CONTEXT	vw_aiemp_review_package_context	required	false
operations	queue_support	AV_OPS_APPROVAL_ROUTING_CONTEXT	vw_aiemp_approval_routing_context	required	false
operations	queue_support	AV_OPS_AUDIT_DIGEST	vw_aiemp_audit_digest	required	false
operations	queue_support	AV_OPS_QUEUE_CONTEXT	vw_aiemp_queue_context	required	false
operations	queue_support	AV_OPS_RETRY_CONTEXT	vw_aiemp_retry_context	required	false
operations	queue_support	AV_OPS_REVIEW_PACKAGE_CONTEXT	vw_aiemp_review_package_context	required	false
operations	retry_support	AV_OPS_APPROVAL_ROUTING_CONTEXT	vw_aiemp_approval_routing_context	required	false
operations	retry_support	AV_OPS_AUDIT_DIGEST	vw_aiemp_audit_digest	required	false
operations	retry_support	AV_OPS_MASKED_RECORD_CONTEXT	vw_aiemp_masked_record_context	required	false
operations	retry_support	AV_OPS_QUEUE_CONTEXT	vw_aiemp_queue_context	required	false
operations	retry_support	AV_OPS_RETRY_CONTEXT	vw_aiemp_retry_context	required	false
operations	retry_support	AV_OPS_REVIEW_PACKAGE_CONTEXT	vw_aiemp_review_package_context	required	false
qualification_prep	essay_or_oral_support	AV_QUALIFICATION_ANSWER_EXPLANATION	vw_aiemp_qualification_answer_explanation	required	false
qualification_prep	essay_or_oral_support	AV_QUALIFICATION_ESSAY_ORAL_CONTEXT	vw_aiemp_qualification_essay_oral_context	required	false
qualification_prep	essay_or_oral_support	AV_QUALIFICATION_SYLLABUS_CONTEXT	vw_aiemp_qualification_syllabus_context	required	false
qualification_prep	explanation_instructor	AV_QUALIFICATION_ANSWER_EXPLANATION	vw_aiemp_qualification_answer_explanation	required	false
qualification_prep	explanation_instructor	AV_QUALIFICATION_SYLLABUS_CONTEXT	vw_aiemp_qualification_syllabus_context	required	false
qualification_prep	explanation_instructor	AV_QUALIFICATION_WEAK_AREA_CONTEXT	vw_aiemp_qualification_weak_area_context	conditional	false
qualification_prep	mock_exam_support	AV_QUALIFICATION_ANSWER_EXPLANATION	vw_aiemp_qualification_answer_explanation	required	false
qualification_prep	mock_exam_support	AV_QUALIFICATION_MOCK_VARIANT_CONTEXT	vw_aiemp_qualification_mock_variant_context	required	false
qualification_prep	mock_exam_support	AV_QUALIFICATION_PAST_QUESTION_METADATA	vw_aiemp_qualification_past_question_metadata	required	false
qualification_prep	past_question_coach	AV_QUALIFICATION_ANSWER_EXPLANATION	vw_aiemp_qualification_answer_explanation	required	false
qualification_prep	past_question_coach	AV_QUALIFICATION_PAST_QUESTION_CONTENT	vw_aiemp_qualification_past_question_content	conditional	true
qualification_prep	past_question_coach	AV_QUALIFICATION_PAST_QUESTION_METADATA	vw_aiemp_qualification_past_question_metadata	required	false
qualification_prep	past_question_coach	AV_QUALIFICATION_WEAK_AREA_CONTEXT	vw_aiemp_qualification_weak_area_context	conditional	false
qualification_prep	privileged_exam_audit_support	AV_QUALIFICATION_PAST_QUESTION_CONTENT	vw_aiemp_qualification_past_question_content	conditional	true
qualification_prep	privileged_exam_audit_support	AV_QUALIFICATION_PRIVILEGED_CONTEXT	vw_aiemp_qualification_privileged_context	required	true
qualification_prep	privileged_exam_audit_support	AV_QUALIFICATION_UPDATE_REVISION_CONTEXT	vw_aiemp_qualification_update_revision_context	required	false
qualification_prep	qualification_lecturer	AV_QUALIFICATION_ANSWER_EXPLANATION	vw_aiemp_qualification_answer_explanation	required	false
qualification_prep	qualification_lecturer	AV_QUALIFICATION_CATALOG	vw_aiemp_qualification_catalog	required	false
qualification_prep	qualification_lecturer	AV_QUALIFICATION_PUBLIC_GUIDE	vw_aiemp_qualification_public_guide	required	false
qualification_prep	qualification_lecturer	AV_QUALIFICATION_SYLLABUS_CONTEXT	vw_aiemp_qualification_syllabus_context	required	false
qualification_prep	study_planner	AV_QUALIFICATION_CATALOG	vw_aiemp_qualification_catalog	required	false
qualification_prep	study_planner	AV_QUALIFICATION_STUDY_PLAN_CONTEXT	vw_aiemp_qualification_study_plan_context	required	false
qualification_prep	study_planner	AV_QUALIFICATION_SYLLABUS_CONTEXT	vw_aiemp_qualification_syllabus_context	required	false
qualification_prep	study_planner	AV_QUALIFICATION_WEAK_AREA_CONTEXT	vw_aiemp_qualification_weak_area_context	conditional	false
qualification_prep	syllabus_and_update_guide	AV_QUALIFICATION_CATALOG	vw_aiemp_qualification_catalog	required	false
qualification_prep	syllabus_and_update_guide	AV_QUALIFICATION_SYLLABUS_CONTEXT	vw_aiemp_qualification_syllabus_context	required	false
qualification_prep	syllabus_and_update_guide	AV_QUALIFICATION_UPDATE_REVISION_CONTEXT	vw_aiemp_qualification_update_revision_context	required	false
qualification_prep	weak_area_support	AV_QUALIFICATION_ANSWER_EXPLANATION	vw_aiemp_qualification_answer_explanation	required	false
qualification_prep	weak_area_support	AV_QUALIFICATION_STUDY_PLAN_CONTEXT	vw_aiemp_qualification_study_plan_context	required	false
senior_clerical_control	approval_request_compiler	AV_SENIOR_CONTROL_AGGREGATION_CONTEXT	vw_aiemp_senior_control_aggregation_context	required	false
senior_clerical_control	approval_request_compiler	AV_SENIOR_CONTROL_APPROVAL_REQUEST_CONTEXT	vw_aiemp_senior_control_approval_request_context	required	true
senior_clerical_control	approval_request_compiler	AV_SENIOR_CONTROL_AUDIT_CONTEXT	vw_aiemp_senior_control_audit_context	required	false
senior_clerical_control	approval_request_compiler	AV_SENIOR_CONTROL_POLICY_DRAFT_CONTEXT	vw_aiemp_senior_control_policy_draft_context	required	false
senior_clerical_control	cross_controller_aggregator	AV_SENIOR_CONTROL_AGGREGATION_CONTEXT	vw_aiemp_senior_control_aggregation_context	required	false
senior_clerical_control	cross_controller_aggregator	AV_SENIOR_CONTROL_APPROVAL_REQUEST_CONTEXT	vw_aiemp_senior_control_approval_request_context	required	true
senior_clerical_control	cross_controller_aggregator	AV_SENIOR_CONTROL_AUDIT_CONTEXT	vw_aiemp_senior_control_audit_context	required	false
senior_clerical_control	cross_controller_aggregator	AV_SENIOR_CONTROL_POLICY_DRAFT_CONTEXT	vw_aiemp_senior_control_policy_draft_context	required	false
senior_clerical_control	master_controller	AV_SENIOR_CONTROL_AGGREGATION_CONTEXT	vw_aiemp_senior_control_aggregation_context	required	false
senior_clerical_control	master_controller	AV_SENIOR_CONTROL_APPROVAL_REQUEST_CONTEXT	vw_aiemp_senior_control_approval_request_context	required	true
senior_clerical_control	master_controller	AV_SENIOR_CONTROL_AUDIT_CONTEXT	vw_aiemp_senior_control_audit_context	required	false
senior_clerical_control	master_controller	AV_SENIOR_CONTROL_POLICY_DRAFT_CONTEXT	vw_aiemp_senior_control_policy_draft_context	required	false
senior_clerical_control	strategic_assignment_planner	AV_SENIOR_CONTROL_AGGREGATION_CONTEXT	vw_aiemp_senior_control_aggregation_context	required	false
senior_clerical_control	strategic_assignment_planner	AV_SENIOR_CONTROL_APPROVAL_REQUEST_CONTEXT	vw_aiemp_senior_control_approval_request_context	required	true
senior_clerical_control	strategic_assignment_planner	AV_SENIOR_CONTROL_AUDIT_CONTEXT	vw_aiemp_senior_control_audit_context	required	false
senior_clerical_control	strategic_assignment_planner	AV_SENIOR_CONTROL_POLICY_DRAFT_CONTEXT	vw_aiemp_senior_control_policy_draft_context	required	false
senior_clerical_control	top_level_reporting_controller	AV_SENIOR_CONTROL_AGGREGATION_CONTEXT	vw_aiemp_senior_control_aggregation_context	required	false
senior_clerical_control	top_level_reporting_controller	AV_SENIOR_CONTROL_APPROVAL_REQUEST_CONTEXT	vw_aiemp_senior_control_approval_request_context	required	true
senior_clerical_control	top_level_reporting_controller	AV_SENIOR_CONTROL_AUDIT_CONTEXT	vw_aiemp_senior_control_audit_context	required	false
senior_clerical_control	top_level_reporting_controller	AV_SENIOR_CONTROL_POLICY_DRAFT_CONTEXT	vw_aiemp_senior_control_policy_draft_context	required	false
streaming	live_reaction	AV_STREAM_PUBLIC_CONTEXT	vw_aiemp_stream_public_context	required	false
streaming	live_reaction	AV_STREAM_SEGMENT_PUBLIC_CONTEXT	vw_aiemp_stream_segment_public_context	required	false
streaming	moderation_support	AV_STREAM_BRAND_SAFE_RULE	vw_aiemp_stream_brand_safe_rule	required	true
streaming	moderation_support	AV_STREAM_MODERATION_CONTEXT	vw_aiemp_stream_moderation_context	required	true
streaming	moderation_support	AV_STREAM_PUBLIC_CONTEXT	vw_aiemp_stream_public_context	required	false
streaming	moderation_support	AV_STREAM_SEGMENT_PUBLIC_CONTEXT	vw_aiemp_stream_segment_public_context	required	false
streaming	show_flow_assist	AV_STREAM_PUBLIC_CONTEXT	vw_aiemp_stream_public_context	required	false
streaming	show_flow_assist	AV_STREAM_SEGMENT_PUBLIC_CONTEXT	vw_aiemp_stream_segment_public_context	required	false
streaming	show_flow_assist	AV_STREAM_SHOW_FLOW_CONTEXT	vw_aiemp_stream_show_flow_context	required	false
streaming	show_flow_assist	AV_STREAM_SUPPORT_CONTEXT	vw_aiemp_stream_support_context	required	false
streaming	stream_cohost	AV_GAME_RULE_GUIDE	vw_aiemp_game_rule_guide	conditional	false
streaming	stream_cohost	AV_SHARED_PUBLIC_GUIDE	vw_aiemp_public_guide	conditional	false
streaming	stream_cohost	AV_STREAM_PUBLIC_CONTEXT	vw_aiemp_stream_public_context	required	false
streaming	stream_cohost	AV_STREAM_SEGMENT_PUBLIC_CONTEXT	vw_aiemp_stream_segment_public_context	required	false
streaming	stream_cohost	AV_STREAM_SHOW_FLOW_CONTEXT	vw_aiemp_stream_show_flow_context	required	false
streaming	stream_cohost	AV_STREAM_SUPPORT_CONTEXT	vw_aiemp_stream_support_context	required	false
streaming	stream_support	AV_SHARED_APP_HELP	vw_aiemp_app_help	conditional	false
streaming	stream_support	AV_STREAM_PUBLIC_CONTEXT	vw_aiemp_stream_public_context	required	false
streaming	stream_support	AV_STREAM_SEGMENT_PUBLIC_CONTEXT	vw_aiemp_stream_segment_public_context	required	false
streaming	stream_support	AV_STREAM_SHOW_FLOW_CONTEXT	vw_aiemp_stream_show_flow_context	required	false
streaming	stream_support	AV_STREAM_SUPPORT_CONTEXT	vw_aiemp_stream_support_context	required	false
utility_assist	calculation_assist	AV_UTILITY_CALCULATION_CONTEXT	vw_aiemp_utility_calculation_context	required	false
utility_assist	calculation_assist	AV_UTILITY_SUMMARY_CONTEXT	vw_aiemp_utility_summary_context	conditional	false
utility_assist	daily_task_assist	AV_UTILITY_DAILY_TASK_CONTEXT	vw_aiemp_utility_daily_task_context	required	false
utility_assist	daily_task_assist	AV_UTILITY_MASKED_USER_CONTEXT	vw_aiemp_utility_masked_user_context	conditional	false
utility_assist	daily_task_assist	AV_UTILITY_SUMMARY_CONTEXT	vw_aiemp_utility_summary_context	required	false
utility_assist	document_writer	AV_UTILITY_MASKED_USER_CONTEXT	vw_aiemp_utility_masked_user_context	conditional	false
utility_assist	document_writer	AV_UTILITY_SUMMARY_CONTEXT	vw_aiemp_utility_summary_context	required	false
utility_assist	document_writer	AV_UTILITY_WRITING_CONTEXT	vw_aiemp_utility_writing_context	required	false
utility_assist	meal_planner	AV_UTILITY_MASKED_USER_CONTEXT	vw_aiemp_utility_masked_user_context	conditional	false
utility_assist	meal_planner	AV_UTILITY_MEAL_PLANNING_CONTEXT	vw_aiemp_utility_meal_planning_context	required	false
utility_assist	research_assist	AV_UTILITY_RESEARCH_CONTEXT	vw_aiemp_utility_research_context	required	false
utility_assist	research_assist	AV_UTILITY_SUMMARY_CONTEXT	vw_aiemp_utility_summary_context	required	false
utility_assist	research_assist	AV_UTILITY_WRITING_CONTEXT	vw_aiemp_utility_writing_context	conditional	false
utility_assist	summary_assist	AV_UTILITY_SUMMARY_CONTEXT	vw_aiemp_utility_summary_context	required	false
utility_assist	summary_assist	AV_UTILITY_WRITING_CONTEXT	vw_aiemp_utility_writing_context	conditional	false
workforce_execution	app_worker	AV_WORKFORCE_APP_OPERATION_CONTEXT	vw_aiemp_workforce_app_operation_context	required	false
workforce_execution	app_worker	AV_WORKFORCE_MASKED_WORK_CONTEXT	vw_aiemp_workforce_masked_work_context	required	false
workforce_execution	app_worker	AV_WORKFORCE_WORK_ORDER_CONTEXT	vw_aiemp_workforce_work_order_context	required	false
workforce_execution	document_worker	AV_WORKFORCE_APP_OPERATION_CONTEXT	vw_aiemp_workforce_app_operation_context	required	false
workforce_execution	document_worker	AV_WORKFORCE_MASKED_WORK_CONTEXT	vw_aiemp_workforce_masked_work_context	required	false
workforce_execution	document_worker	AV_WORKFORCE_WORK_ORDER_CONTEXT	vw_aiemp_workforce_work_order_context	required	false
workforce_execution	external_app_worker	AV_WORKFORCE_APP_OPERATION_CONTEXT	vw_aiemp_workforce_app_operation_context	required	false
workforce_execution	external_app_worker	AV_WORKFORCE_AUDIT_CONTEXT	vw_aiemp_workforce_audit_context	required	false
workforce_execution	external_app_worker	AV_WORKFORCE_MASKED_WORK_CONTEXT	vw_aiemp_workforce_masked_work_context	required	false
workforce_execution	external_app_worker	AV_WORKFORCE_WORK_ORDER_CONTEXT	vw_aiemp_workforce_work_order_context	required	false
workforce_execution	research_worker	AV_WORKFORCE_RESEARCH_SUMMARY_CONTEXT	vw_aiemp_workforce_research_summary_context	required	false
workforce_execution	research_worker	AV_WORKFORCE_WORK_ORDER_CONTEXT	vw_aiemp_workforce_work_order_context	required	false
workforce_execution	summary_worker	AV_WORKFORCE_RESEARCH_SUMMARY_CONTEXT	vw_aiemp_workforce_research_summary_context	required	false
workforce_execution	summary_worker	AV_WORKFORCE_WORK_ORDER_CONTEXT	vw_aiemp_workforce_work_order_context	required	false
workforce_execution	task_worker	AV_WORKFORCE_APP_OPERATION_CONTEXT	vw_aiemp_workforce_app_operation_context	required	false
workforce_execution	task_worker	AV_WORKFORCE_MASKED_WORK_CONTEXT	vw_aiemp_workforce_masked_work_context	required	false
workforce_execution	task_worker	AV_WORKFORCE_WORK_ORDER_CONTEXT	vw_aiemp_workforce_work_order_context	required	false
